title,price,sid,linkwithprice,categoryId,productid
Viessmann Vitodens 222-W (13 kW),2857.6,9701,/preisvergleich/Relocate/475430102.html?categoryId=18406&pos=1&price=2857.6&productid=4677123&sid=9701&type=offer,18406,4677123
Viessmann Vitodens 222-W (13 kW),2885.8,294528,/preisvergleich/Relocate/559969174.html?categoryId=18406&pos=2&price=2885.8&productid=4677123&sid=294528&type=offer,18406,4677123
Viessmann Vitodens 222-W (13 kW),2934.94,9701,/preisvergleich/Relocate/513493664.html?categoryId=18406&pos=3&price=2934.94&productid=4677123&sid=9701&type=offer,18406,4677123
Viessmann Vitodens 222-W (13 kW),3008.99,276812,/preisvergleich/Relocate/513353429.html?categoryId=18406&pos=4&price=3008.99&productid=4677123&sid=276812&type=offer,18406,4677123
Viessmann Vitodens 222-W (13 kW),3232.99,276812,/preisvergleich/Relocate/513353126.html?categoryId=18406&pos=5&price=3232.99&productid=4677123&sid=276812&type=offer,18406,4677123
Viessmann Vitodens 222-W (13 kW),3454.99,276812,/preisvergleich/Relocate/513353032.html?categoryId=18406&pos=6&price=3454.99&productid=4677123&sid=276812&type=offer,18406,4677123
Viessmann Vitodens 200-W (13 kW),1631.28,293331,/preisvergleich/Relocate/585082438.html?categoryId=18406&pos=1&price=1631.28&productid=3664000&sid=293331&type=offer,18406,3664000
Viessmann Vitodens 200-W (13 kW),1715.0,289859,/preisvergleich/Relocate/481777811.html?categoryId=18406&pos=2&price=1715.0&productid=3664000&sid=289859&type=offer,18406,3664000
Viessmann Vitodens 200-W (13 kW),1760.0,9701,/preisvergleich/Relocate/440781167.html?categoryId=18406&pos=3&price=1760.0&productid=3664000&sid=9701&type=offer,18406,3664000
Viessmann Vitodens 200-W (13 kW),1769.0,9701,/preisvergleich/Relocate/362636046.html?categoryId=18406&pos=4&price=1769.0&productid=3664000&sid=9701&type=offer,18406,3664000
Viessmann Vitodens 200-W (13 kW),1799.76,297223,/preisvergleich/Relocate/503493983.html?categoryId=18406&pos=5&price=1799.76&productid=3664000&sid=297223&type=offer,18406,3664000
Viessmann Vitodens 200-W (13 kW),1822.69,293331,/preisvergleich/Relocate/585082312.html?categoryId=18406&pos=6&price=1822.69&productid=3664000&sid=293331&type=offer,18406,3664000
Viessmann Vitodens 200-W (13 kW),1828.7,297223,/preisvergleich/Relocate/503498734.html?categoryId=18406&pos=7&price=1828.7&productid=3664000&sid=297223&type=offer,18406,3664000
Viessmann Vitodens 200-W (13 kW),1890.9,294528,/preisvergleich/Relocate/559966996.html?categoryId=18406&pos=8&price=1890.9&productid=3664000&sid=294528&type=offer,18406,3664000
Viessmann Vitodens 200-W (13 kW),1899.0,288366,/preisvergleich/Relocate/306412868.html?categoryId=18406&pos=9&price=1899.0&productid=3664000&sid=288366&type=offer,18406,3664000
Viessmann Vitodens 200-W (13 kW),1909.99,276812,/preisvergleich/Relocate/387844301.html?categoryId=18406&pos=10&price=1909.99&productid=3664000&sid=276812&type=offer,18406,3664000
Viessmann Vitodens 200-W (13 kW),2041.73,293331,/preisvergleich/Relocate/585082566.html?categoryId=18406&pos=11&price=2041.73&productid=3664000&sid=293331&type=offer,18406,3664000
Viessmann Vitodens 200-W (13 kW),2049.0,288366,/preisvergleich/Relocate/306412844.html?categoryId=18406&pos=12&price=2049.0&productid=3664000&sid=288366&type=offer,18406,3664000
Viessmann Vitodens 200-W (13 kW),2060.9,294528,/preisvergleich/Relocate/559986259.html?categoryId=18406&pos=13&price=2060.9&productid=3664000&sid=294528&type=offer,18406,3664000
Viessmann Vitodens 200-W (13 kW),2133.99,276812,/preisvergleich/Relocate/387843970.html?categoryId=18406&pos=14&price=2133.99&productid=3664000&sid=276812&type=offer,18406,3664000
Viessmann Vitodens 200-W (13 kW),2304.18,293331,/preisvergleich/Relocate/585082569.html?categoryId=18406&pos=15&price=2304.18&productid=3664000&sid=293331&type=offer,18406,3664000
Viessmann Vitodens 222-F (13 kW),2690.0,289859,/preisvergleich/Relocate/481825971.html?categoryId=18406&pos=1&price=2690.0&productid=3131289&sid=289859&type=offer,18406,3131289
Viessmann Vitodens 222-F (13 kW),2745.0,9701,/preisvergleich/Relocate/366564113.html?categoryId=18406&pos=2&price=2745.0&productid=3131289&sid=9701&type=offer,18406,3131289
Viessmann Vitodens 222-F (13 kW),2800.0,9701,/preisvergleich/Relocate/475430046.html?categoryId=18406&pos=3&price=2800.0&productid=3131289&sid=9701&type=offer,18406,3131289
Viessmann Vitodens 222-F (13 kW),2827.34,294528,/preisvergleich/Relocate/559986562.html?categoryId=18406&pos=4&price=2827.34&productid=3131289&sid=294528&type=offer,18406,3131289
Viessmann Vitodens 222-F (13 kW),2873.62,276812,/preisvergleich/Relocate/436314809.html?categoryId=18406&pos=5&price=2873.62&productid=3131289&sid=276812&type=offer,18406,3131289
Viessmann Vitodens 222-F (13 kW),2873.62,276812,/preisvergleich/Relocate/436315101.html?categoryId=18406&pos=6&price=2873.62&productid=3131289&sid=276812&type=offer,18406,3131289
Viessmann Vitodens 222-F (13 kW),2947.99,276812,/preisvergleich/Relocate/387844471.html?categoryId=18406&pos=7&price=2947.99&productid=3131289&sid=276812&type=offer,18406,3131289
Viessmann Vitodens 222-F (13 kW),2947.99,276812,/preisvergleich/Relocate/387844094.html?categoryId=18406&pos=8&price=2947.99&productid=3131289&sid=276812&type=offer,18406,3131289
Viessmann Vitodens 222-F (13 kW),2965.0,289859,/preisvergleich/Relocate/481778260.html?categoryId=18406&pos=9&price=2965.0&productid=3131289&sid=289859&type=offer,18406,3131289
Viessmann Vitodens 222-F (13 kW),2965.0,289859,/preisvergleich/Relocate/481795230.html?categoryId=18406&pos=10&price=2965.0&productid=3131289&sid=289859&type=offer,18406,3131289
Viessmann Vitodens 222-F (13 kW),3171.99,276812,/preisvergleich/Relocate/387844400.html?categoryId=18406&pos=11&price=3171.99&productid=3131289&sid=276812&type=offer,18406,3131289
Viessmann Vitodens 222-F (13 kW),3171.99,276812,/preisvergleich/Relocate/387844058.html?categoryId=18406&pos=12&price=3171.99&productid=3131289&sid=276812&type=offer,18406,3131289
Viessmann Vitodens 222-F (13 kW),3299.8,294528,/preisvergleich/Relocate/559967057.html?categoryId=18406&pos=13&price=3299.8&productid=3131289&sid=294528&type=offer,18406,3131289
Viessmann Vitodens 222-F (13 kW),3300.0,294528,/preisvergleich/Relocate/559986572.html?categoryId=18406&pos=14&price=3300.0&productid=3131289&sid=294528&type=offer,18406,3131289
Viessmann Vitodens 222-F (13 kW),3400.99,276812,/preisvergleich/Relocate/513353389.html?categoryId=18406&pos=15&price=3400.99&productid=3131289&sid=276812&type=offer,18406,3131289
Viessmann Vitodens 200 13kW,2319.96,293331,/preisvergleich/Relocate/585082600.html?categoryId=18406&pos=1&price=2319.96&productid=3664000&sid=293331&type=offer,18406,3664000
Viessmann Vitodens 200 13kW,2389.59,276812,/preisvergleich/Relocate/569580298.html?categoryId=18406&pos=2&price=2389.59&productid=3664000&sid=276812&type=offer,18406,3664000
Viessmann Vitodens 200 13kW,2485.0,289859,/preisvergleich/Relocate/481827699.html?categoryId=18406&pos=3&price=2485.0&productid=3664000&sid=289859&type=offer,18406,3664000
Viessmann Vitodens 200 13kW,2490.0,289859,/preisvergleich/Relocate/481821712.html?categoryId=18406&pos=4&price=2490.0&productid=3664000&sid=289859&type=offer,18406,3664000
Viessmann Vitodens 200 13kW,2500.0,289859,/preisvergleich/Relocate/481819774.html?categoryId=18406&pos=5&price=2500.0&productid=3664000&sid=289859&type=offer,18406,3664000
Viessmann Vitodens 200 13kW,2519.36,276812,/preisvergleich/Relocate/387843588.html?categoryId=18406&pos=6&price=2519.36&productid=3664000&sid=276812&type=offer,18406,3664000
Viessmann B2SA010,3830.0,289859,/preisvergleich/Relocate/481822702.html?categoryId=18406&pos=1&price=3830.0&productid=3131289&sid=289859&type=offer,18406,3131289
Viessmann B2SA010,4204.1,276812,/preisvergleich/Relocate/436315150.html?categoryId=18406&pos=2&price=4204.1&productid=3131289&sid=276812&type=offer,18406,3131289
Viessmann Vitodens 200 13kW,2530.0,289859,/preisvergleich/Relocate/481779291.html?categoryId=18406&pos=7&price=2530.0&productid=3664000&sid=289859&type=offer,18406,3664000
Viessmann Vitodens 200 13kW,2572.9,294528,/preisvergleich/Relocate/559967017.html?categoryId=18406&pos=8&price=2572.9&productid=3664000&sid=294528&type=offer,18406,3664000
Viessmann Vitodens 200 13kW,2655.19,294528,/preisvergleich/Relocate/559986001.html?categoryId=18406&pos=9&price=2655.19&productid=3664000&sid=294528&type=offer,18406,3664000
Viessmann Vitodens 200 13kW,2715.23,276812,/preisvergleich/Relocate/387844157.html?categoryId=18406&pos=10&price=2715.23&productid=3664000&sid=276812&type=offer,18406,3664000
Viessmann Vitodens 200 13kW,2724.9,288366,/preisvergleich/Relocate/388210285.html?categoryId=18406&pos=11&price=2724.9&productid=3664000&sid=288366&type=offer,18406,3664000
Viessmann Vitodens 200 13kW,2724.9,288366,/preisvergleich/Relocate/388210293.html?categoryId=18406&pos=12&price=2724.9&productid=3664000&sid=288366&type=offer,18406,3664000
Viessmann Vitodens 200 13kW,2724.9,288366,/preisvergleich/Relocate/388210302.html?categoryId=18406&pos=13&price=2724.9&productid=3664000&sid=288366&type=offer,18406,3664000
Viessmann Vitodens 200 13kW,2724.9,288366,/preisvergleich/Relocate/388210388.html?categoryId=18406&pos=14&price=2724.9&productid=3664000&sid=288366&type=offer,18406,3664000
Viessmann Vitodens 200 13kW,2724.9,288366,/preisvergleich/Relocate/388210407.html?categoryId=18406&pos=15&price=2724.9&productid=3664000&sid=288366&type=offer,18406,3664000
